id,description,supplier_id,weight,category,sub_category,created_at,updated_at,extra_order,separation_order,dd_pf_id,dd_pj_id
1,Mel Silvestre (Vidro 330g),2,0.33,in_natura,granjeiro,2020-05-12 14:03:18+00,2020-05-12 14:03:18+00,0,2,1831733,1831748
2,Mel Silvestre (Bisnaga 270g),2,0.27,in_natura,Méis,2020-05-12 14:02:27+00,2020-05-12 14:02:27+00,0,2,1831732,0
3,Mel Silvestre (Vidro 750g),2,0.75,in_natura,granjeiro,2020-05-12 14:04:12+00,2020-05-12 14:04:12+00,0,2,3595599,1831749
4,Alface Americana (Cx),2,12,in_natura,folhosa,2020-05-12 14:03:32+00,2020-05-12 14:03:32+00,0,3,,
12,Inhame (Kg),1,1,in_natura,raiz,2020-01-31 00:00:00+00,2020-01-31 00:00:00+00,0.05,1,3189422,640669
15,Abobrinha Itália pequena(Kg),1,1,in_natura,legume,2020-01-31 00:00:00+00,2020-01-31 00:00:00+00,0.03,1,1102197,434332
16,Acelga (Uni),1,1.5,in_natura,folhosa,2020-01-31 00:00:00+00,2020-01-31 00:00:00+00,0,2,3454780,434333
21,Batata Lavada (Kg),3,1,in_natura,raiz,2020-01-31 00:00:00+00,2020-01-31 00:00:00+00,0.05,1,0,432921
22,Beterraba (Kg),1,1,in_natura,raiz,2020-01-31 00:00:00+00,2020-01-31 00:00:00+00,0.05,1,0,432925
26,Chuchu (Kg),1,1,in_natura,legume,2020-01-31 00:00:00+00,2020-01-31 00:00:00+00,0.05,1,1101671,432950
34,Melancia (Uni),1,11,in_natura,fruta,2020-01-31 00:00:00+00,2020-01-31 00:00:00+00,0,1,3526234,432967
42,Salsinha (500g),1,0.5,in_natura,erva,2020-01-31 00:00:00+00,2020-01-31 00:00:00+00,0.5,3,,
47,Escarola (Kg),1,1,in_natura,folhosa,2020-01-31 00:00:00+00,2020-01-31 00:00:00+00,0.05,3,0,432954
65,Maçã Fuji (Uni),1,0.1,in_natura,fruta,2020-01-31 00:00:00+00,2020-01-31 00:00:00+00,0,2,1101687,432962
78,Mandioca Processada (Kg),1,1,processado,raiz,2020-01-31 00:00:00+00,2020-01-31 00:00:00+00,0,2,3199753,447293
210,ALFACE CRESPA ROXA (CX),1,1,in_natura,folhosa,2020-06-18 17:00:40+00,2020-06-18 17:00:48+00,1,3,,
213,Cebolinha (500g),1,0.5,in_natura,erva,2020-01-31 00:00:00+00,2020-01-31 00:00:00+00,0.5,3,,
214,Hortelã (200g),1,1,in_natura,Erva,2020-06-18 17:00:40+00,2020-06-18 17:00:48+00,1,3,3199287,0
215,Manjericão (150g),1,0.15,in_natura,erva,2020-01-31 00:00:00+00,2020-01-31 00:00:00+00,0,3,3199302,432965
218,Alface Americana (Kg),1,1,in_natura,folhosa,2020-01-31 00:00:00+00,2020-01-31 00:00:00+00,0.05,3,0,432911
219,Repolho Roxo (uni),1,1.1,in_natura,folhosa,2020-01-31 00:00:00+00,2020-01-31 00:00:00+00,0,2,1101728,432982
220,Repolho Verde (Uni),1,1.6,in_natura,folhosa,2020-01-31 00:00:00+00,2020-01-31 00:00:00+00,0,2,1101730,432980
221,Alface Crespa Roxa (Kg),1,1,in_natura,folhosa,2020-01-31 00:00:00+00,2020-01-31 00:00:00+00,0.05,3,0,432913
223,Gengibre (500g),1,0.5,in_natura,raiz,2020-01-31 00:00:00+00,2020-01-31 00:00:00+00,0.05,1,3526249,432956
229,Alecrim (100g),1,0.15,in_natura,erva,2020-01-31 00:00:00+00,2020-01-31 00:00:00+00,0.5,3,,
232,Manga Tommy (Uni),1,0.5,in_natura,fruta,2020-01-31 00:00:00+00,2020-01-31 00:00:00+00,0,2,1101697,432964
233,Salsão (Uni),1,0.8,in_natura,folhosa,2020-01-31 00:00:00+00,2020-01-31 00:00:00+00,0,3,3454799,3526032
236,Cebola Roxa Média (Kg),1,1,in_natura,raiz,2020-01-31 00:00:00+00,2020-01-31 00:00:00+00,0.05,1,0,432929
246,Brócolis Ninja (Uni),1,0.4,in_natura,folhosa,2020-01-31 00:00:00+00,2020-01-31 00:00:00+00,0,3,3224419,432926
247,Couve Flor (Uni),1,0.5,in_natura,legume,2020-01-31 00:00:00+00,2020-01-31 00:00:00+00,0,2,3225088,3225089
251,Louro  maço (75g),1,0.075,in_natura,erva,2020-01-31 00:00:00+00,2020-01-31 00:00:00+00,0,3,3307180,432961
259,Pimenta Dedo de Moça (250g),1,0.25,in_natura,legume,2020-01-31 00:00:00+00,2020-01-31 00:00:00+00,0.05,2,1101725,432974
260,Tomate Salada Graúdo (Kg),1,1,in_natura,legume,2020-01-31 00:00:00+00,2020-01-31 00:00:00+00,0.05,2,1101732,441622
263,Abóbora Japonesa (Uni),1,2,in_natura,legume,2020-01-31 00:00:00+00,2020-01-31 00:00:00+00,0,1,1101634,4324331
265,Agrião (Maço),1,0.22,in_natura,folhosa,2020-01-31 00:00:00+00,2020-01-31 00:00:00+00,0,3,1841504,434334
266,Alface Crespa (Kg),1,1,in_natura,folhosa,2020-01-31 00:00:00+00,2020-01-31 00:00:00+00,0.05,3,0,432912
267,Alho Descascado (Kg),1,1,processado,raiz,2020-01-31 00:00:00+00,2020-01-31 00:00:00+00,0,2,3199756,432914
268,Alho Poró (Uni),1,0.09,in_natura,folhosa,2020-01-31 00:00:00+00,2020-01-31 00:00:00+00,0,2,1101652,432915
269,Banana da Terra (Kg),2,1,in_natura,Frutas,2020-05-12 14:04:20+00,2020-05-12 14:04:20+00,0.05,3,0,0
270,Banana Nanica (Kg),1,1,in_natura,fruta,2020-01-31 00:00:00+00,2020-01-31 00:00:00+00,0.05,3,1101653,432916
271,Banana Prata (Kg),1,1,in_natura,fruta,2020-01-31 00:00:00+00,2020-01-31 00:00:00+00,0.05,3,2146651,486382
272,Batata Bolinha (Kg),3,1,in_natura,raiz,2020-01-31 00:00:00+00,2020-01-31 00:00:00+00,0.05,1,1101654,432919
273,Batata Doce Rosada Média (Kg),1,1,in_natura,raiz,2020-01-31 00:00:00+00,2020-01-31 00:00:00+00,0.05,1,1101655,432923
274,Berinjela (Kg),1,1,in_natura,legume,2020-01-31 00:00:00+00,2020-01-31 00:00:00+00,0.05,2,1101660,432924
276,Cebola Graúda (Kg),1,1,in_natura,raiz,2020-01-31 00:00:00+00,2020-01-31 00:00:00+00,0.05,1,0,432928
277,Cenoura Pequena (Kg),1,1,in_natura,raiz,2020-01-31 00:00:00+00,2020-01-31 00:00:00+00,0.05,1,0,432949
279,Coentro (250g),1,0.25,in_natura,erva,2020-01-31 00:00:00+00,2020-01-31 00:00:00+00,0,3,1101674,434339
280,Couve (Maço),1,0.4,in_natura,folhosa,2020-01-31 00:00:00+00,2020-01-31 00:00:00+00,0,3,1841502,432952
281,Espinafre (Maço),1,0.35,in_natura,folhosa,2020-01-31 00:00:00+00,2020-01-31 00:00:00+00,0,3,3526213,432955
282,Laranja Pera Grauda (Kg),1,1,in_natura,fruta,2020-01-31 00:00:00+00,2020-01-31 00:00:00+00,0.03,1,3343184,432959
283,Limão Tahiti (Kg),1,1,in_natura,fruta,2020-01-31 00:00:00+00,2020-01-31 00:00:00+00,0.05,1,1101684,432960
285,Mamão Papaya (Uni),1,0.7,in_natura,fruta,2020-01-31 00:00:00+00,2020-01-31 00:00:00+00,0,2,1101693,434341
287,Maracujá (Kg),1,1,in_natura,fruta,2020-01-31 00:00:00+00,2020-01-31 00:00:00+00,0.05,2,1101703,432966
288,Morango (Bdj),1,0.3,in_natura,fruta,2020-01-31 00:00:00+00,2020-01-31 00:00:00+00,0,3,3526236,432970
289,Ovo Branco Médio (Bdj com 30 ovos),1,1.8,in_natura,granjeiro,2020-01-31 00:00:00+00,2020-01-31 00:00:00+00,0,3,1102211,432971
290,Pepino Japonês (Kg),1,1,in_natura,legume,2020-01-31 00:00:00+00,2020-01-31 00:00:00+00,0.05,2,1101715,432972
291,Pimentão Amarelo (500g),1,0.5,in_natura,legume,2020-01-31 00:00:00+00,2020-01-31 00:00:00+00,0.05,2,1101717,432973
292,Pimentão Verde (500g),1,0.5,in_natura,legume,2020-01-31 00:00:00+00,2020-01-31 00:00:00+00,0.05,2,1101719,432975
293,Pimentão Vermelho (500g),1,0.5,in_natura,legume,2020-01-31 00:00:00+00,2020-01-31 00:00:00+00,0.05,2,1101722,432976
294,Quiabo (Kg),1,1,in_natura,legume,2020-01-31 00:00:00+00,2020-01-31 00:00:00+00,0.05,2,3595622,432977
295,Rabanete (Maço),1,0.5,in_natura,raiz,2020-01-31 00:00:00+00,2020-01-31 00:00:00+00,NULL,2,3454824,432978
296,Rúcula (Maço),1,0.17,in_natura,folhosa,2020-01-31 00:00:00+00,2020-01-31 00:00:00+00,0,3,3526217,432983
298,Tomate Cereja (250g),2,0.5,in_natura,legumes,2020-05-12 14:03:42+00,2020-05-12 14:03:42+00,NULL,2,3526230,432987
299,Tomate Molho (Kg),1,1,in_natura,legume,2020-01-31 00:00:00+00,2020-01-31 00:00:00+00,0.03,2,1361183,432990
300,Vagem (Kg),1,1,in_natura,legume,2020-01-31 00:00:00+00,2020-01-31 00:00:00+00,0.03,2,3595627,432988
301,Jilo  (kg),1,1,in_natura,legume,2020-01-31 00:00:00+00,2020-01-31 00:00:00+00,0.05,2,1101675,432958
302,Batata Asterix (Kg),3,1,in_natura,raiz,2020-01-31 00:00:00+00,2020-01-31 00:00:00+00,0.05,1,-1,432917
303,Melão Amarelo (Uni),1,1.5,in_natura,fruta,2020-01-31 00:00:00+00,2020-01-31 00:00:00+00,0,1,1101707,432969
305,Brócolis Ramoso (Maço),2,1.5,in_natura,folhosa,2020-05-12 14:03:47+00,2020-05-12 14:03:47+00,0,2,3308104,490332
308,Abacate Comum (Uni),1,0.6,in_natura,fruta,2020-01-31 00:00:00+00,2020-01-31 00:00:00+00,0,2,1101642,486369
310,Mamão Formosa (Uni),1,1.1,in_natura,fruta,2020-01-31 00:00:00+00,2020-01-31 00:00:00+00,0,2,1101689,463804
316,Cenoura Graúda (Kg),1,1,in_natura,raiz,2020-01-31 00:00:00+00,2020-01-31 00:00:00+00,0.05,1,0,468724
317,Pêra Portuguesa (Uni),1,0.13,in_natura,fruta,2020-01-31 00:00:00+00,2020-01-31 00:00:00+00,0,2,1833831,541909
320,ALFACE ROMANA ( CX ),1,1,in_natura,folhosa,2020-06-18 17:00:40+00,2020-06-18 17:00:48+00,1,3,,
322,Cebola Média (Kg),1,1,in_natura,raiz,2020-01-31 00:00:00+00,2020-01-31 00:00:00+00,0.05,1,0,462738
323,Tomate Salada Médio (Kg),1,1,in_natura,legume,2020-01-31 00:00:00+00,2020-01-31 00:00:00+00,0.05,2,1102216,432989
327,Abacaxi Pérola (Uni),1,1.4,in_natura,fruta,2020-01-31 00:00:00+00,2020-01-31 00:00:00+00,0,1,1101644,486373
328,Limão Siciliano (kg),1,1,in_natura,fruta,2020-01-31 00:00:00+00,2020-01-31 00:00:00+00,0.05,1,1101680,492701
335,Alho com Casca (100g),1,0.1,in_natura,raiz,2020-01-31 00:00:00+00,2020-01-31 00:00:00+00,0.3,1,0,0
340,Mandioquinha (Kg),1,1,in_natura,raiz,2020-01-31 00:00:00+00,2020-01-31 00:00:00+00,0.05,2,3199600,519150
341,Catalonia (Kg),1,1,in_natura,folhosa,2020-01-31 00:00:00+00,2020-01-31 00:00:00+00,0.05,2,0,432927
347,Batata lavada Diversa (kg),3,1,in_natura,raiz,2020-01-31 00:00:00+00,2020-01-31 00:00:00+00,0.05,1,00,0
348,Abobrinha Itália Graúda (Kg),1,1,in_natura,legume,2020-01-31 00:00:00+00,2020-01-31 00:00:00+00,0.03,1,1101650,589030
349,Mandioca (Kg),2,1,in_natura,Raiz,2020-05-12 14:03:52+00,2020-05-12 14:03:52+00,0.05,2,3454822,547921
351,Batata Asterix Especial (Kg),3,1,in_natura,raiz,2020-01-31 00:00:00+00,2020-01-31 00:00:00+00,0.05,1,0,588313
485,kiwi (kg),1,1,in_natura,frutas,2020-06-18 20:00:40+00,2020-06-18 20:00:48+00,0.35,3,1833834,618833
486,Tomate Grape (Kg),1,1,in_natura,legume,2020-01-31 00:00:00+00,2020-01-31 00:00:00+00,0.05,3,0,618837
487,Laranja Pera Média (kg),1,1,in_natura,fruta,2020-01-31 00:00:00+00,2020-01-31 00:00:00+00,0.04,1,1101678,617216
488,Carambola (Kg),2,1,in_natura,Frutas,2020-05-12 14:04:07+00,2020-05-12 14:04:07+00,0,3,,
540,Abóbora Moranga (Uni),1,3,in_natura,legume,2020-01-31 00:00:00+00,2020-01-31 00:00:00+00,0,1,1101637,632997
541,Cebola para Conserva (Kg),1,1,in_natura,raiz,2020-01-31 00:00:00+00,2020-01-31 00:00:00+00,0.05,1,0,633980
543,Nabo (Uni),1,0.7,in_natura,raiz,2020-01-31 00:00:00+00,2020-01-31 00:00:00+00,0,2,1101710,638300
545,MANGA PALMER (UNI),1,0.5,in_natura,fruta,2020-01-31 00:00:00+00,2020-01-31 00:00:00+00,0,2,1101695,645542
546,Tomate Italiano (kg),1,1,in_natura,legume,2020-03-13 17:35:15+00,2020-03-13 17:35:15+00,0.05,2,0,696579
547,Alface lisa  (Kg),2,1,in_natura,folhosa,2020-05-12 14:04:02+00,2020-05-12 14:04:02+00,0.15,3,-1,649398
1001,Agrião higienizado (500g),2,0.5,higienizado,folhosa,2020-01-31 00:00:00+00,2020-01-31 00:00:00+00,0,3,-1,1080905
1002,Alface Americana Higienizada (500g),2,0.5,higienizado,folhosa,2020-01-31 00:00:00+00,2020-01-31 00:00:00+00,0,3,0,1080906
1003,Alface Crespa Higienizada (500g),2,0.5,higienizado,folhosa,2020-01-31 00:00:00+00,2020-01-31 00:00:00+00,0,3,0,1080907
1004,Alface Crespa Roxa Higienizada (500g),2,0.5,higienizado,folhosa,2020-01-31 00:00:00+00,2020-01-31 00:00:00+00,0,3,0,1080908
1005,Alface Romana Higienizada (500g),2,0.5,higienizado,folhosa,2020-01-31 00:00:00+00,2020-01-31 00:00:00+00,0,3,0,1080910
1006,Escarola Higienizada (500g),2,0.5,higienizado,folhosa,2020-01-31 00:00:00+00,2020-01-31 00:00:00+00,0,3,0,1080911
1007,Espinafre higienizado (500g),2,0.5,higienizado,folhosa,2020-01-31 00:00:00+00,2020-01-31 00:00:00+00,0,3,-1,1080914
1008,Manjericão higienizado (120g),2,0.12,higienizado,erva,2020-01-31 00:00:00+00,2020-01-31 00:00:00+00,0,3,668569,1080915
1009,Rúcula Higienizada (500g),2,0.5,higienizado,folhosa,2020-01-31 00:00:00+00,2020-01-31 00:00:00+00,0,3,-1,1080916
1010,Couve Fatiada (250g),2,0.25,processado,folhosa,2020-01-31 00:00:00+00,2020-01-31 00:00:00+00,0,3,662766,0
1011,Mix de folhas de alface (500g),2,0.5,higienizado,folhosa,2020-03-06 15:36:32+00,2020-03-06 15:36:32+00,0,3,0,1080903
1012,Alface Lisa Higienizado (500 g),2,0.5,higienizado,folhosa,2020-03-12 13:31:45+00,2020-03-12 13:31:45+00,0,3,-1,1080902
1013,Radichio Higienizado (500 g),2,0.5,higienizado,folhosa,2020-03-12 13:31:09+00,2020-03-12 13:31:09+00,0,3,-1,1080899
1014,Alface crespa verde picada (500g),2,0.5,processado,folhosa,2020-03-18 15:25:24+00,2020-03-18 15:25:24+00,0,3,-1,3348977
1015,Alface americana picada (500g),2,0.5,processado,folhosa,2020-03-18 15:25:24+00,2020-03-18 15:25:24+00,0,3,0,3348974
1016,Alface romana picada (500g),2,0.5,processado,folhosa,2020-03-18 15:25:24+00,2020-03-18 15:25:24+00,0,3,-1,3348975
1017,Alface crespa roxa picada (500g),2,0.5,processado,folhosa,2020-03-18 15:25:24+00,2020-03-18 15:25:24+00,0,3,-1,3348978
1018,Nirá (250g),2,0.25,processado,erva,2020-03-18 15:25:24+00,2020-03-18 15:25:24+00,0,3,703239,1080924
1019,Tomilho Higienizado (80g),2,0.08,higienizado,erva,2020-03-18 15:25:24+00,2020-03-18 15:25:24+00,0,3,703244,1080920
1020,Alface Mimosa Higienizada,2,0.5,higienizado,folhosa,2020-06-11 15:25:24+00,2020-06-11 15:25:24+00,0,3,0,1080898
1021,Sálvia Higienizada (80 g),2,0.25,Higienizado,Erva,2020-06-11 17:00:40+00,2020-06-11 17:00:48+00,0,3,703236,1080927
2001,Agrião Higienizado (180g),2,0.18,higienizado,folhosa,2020-03-24 15:33:28+00,2020-03-24 15:33:28+00,0,3,662768,3348940
2002,Alface Americana Higienizada (180g),2,0.18,higienizado,folhosa,2020-03-24 15:33:46+00,2020-03-24 15:33:46+00,0,3,630930,3348968
2003,Alface Crespa Higienizada (180g),2,0.18,higienizado,folhosa,2020-03-24 15:33:46+00,2020-03-24 15:33:46+00,0,3,630931,3348963
2004,Alface Crespa Roxa Higienizada (180g),2,0.18,higienizado,folhosa,2020-03-24 15:33:46+00,2020-03-24 15:33:46+00,0,3,662764,3348955
2005,Alface Romana Higienizada (180g),2,0.18,higienizado,folhosa,2020-03-24 15:33:46+00,2020-03-24 15:33:46+00,0,3,694275,3348972
2006,Escarola Higienizada (180g),0,0.18,higienizado,folhosa,2020-03-24 15:33:46+00,2020-03-24 15:33:46+00,0,3,630932,3348956
2007,Espinafre higienizado (180g),2,0.18,higienizado,folhosa,2020-03-24 15:33:46+00,2020-03-24 15:33:46+00,0,3,662769,3348957
2008,Rúcula Higienizada (180g),2,0.18,higienizado,folhosa,2020-03-24 15:33:46+00,2020-03-24 15:33:46+00,0,3,662767,3348958
2009,Mix de folhas de alface (180g),2,0.18,higienizado,folhosa,2020-03-24 15:33:46+00,2020-03-24 15:33:46+00,0,3,691888,3348973
2010,Alface Lisa Higienizado (180 g),2,0.18,higienizado,folhosa,2020-03-24 15:33:46+00,2020-03-24 15:33:46+00,0,3,694275,3348964
2011,Radichio desfolhado Higienizado (180g),2,0.18,higienizado,folhosa,2020-03-24 15:33:46+00,2020-03-24 15:33:46+00,0,3,694276,3348959
2012,Alface crespa verde picada (180g),2,0.18,higienizado,folhosa,2020-03-24 15:33:46+00,2020-03-24 15:33:46+00,0,3,696367,-1
2013,Alface americana picada (180g),2,0.18,higienizado,folhosa,2020-03-24 15:33:46+00,2020-03-24 15:33:46+00,0,3,696368,0
2014,Alface romana picada (180g),2,0.18,higienizado,folhosa,2020-03-24 15:33:46+00,2020-03-24 15:33:46+00,0,3,696369,0
2015,Alface crespa roxa picada (180g),2,0.18,higienizado,folhosa,2020-03-24 15:33:46+00,2020-03-24 15:33:46+00,0,3,696370,0
2016,Couve Fatiada (180g),2,0.18,higienizado,folhosa,2020-03-24 15:33:46+00,2020-03-24 15:33:46+00,0,3,3454642,3526163
2017,Salada primavera higienizada (180g),-1,0.18,higienizado,folhosa,2020-03-24 15:33:46+00,2020-03-24 15:33:46+00,0,3,1083202,3348960
2018,Salada verde higienizada (180g),2,0.18,higienizado,folhosa,2020-03-24 15:33:46+00,2020-03-24 15:33:46+00,0,3,1083194,3348961
2019,Salada ralada higienizada (180g),-2,0.18,higienizado,folhosa,2020-03-24 15:33:46+00,2020-03-24 15:33:46+00,0,3,1083209,3348962
2020,Salada mix higienizada (180g),2,0.18,higienizado,folhosa,2020-03-24 15:33:46+00,2020-03-24 15:33:46+00,0,3,3526187,3348965
2021,Salada Verão Higienizada (180 g),2,0.18,higienizado,folhosa,2020-03-24 15:33:46+00,2020-03-24 15:33:46+00,0,3,3526188,3348966
2022,Salada Família Higienizada (180g),2,0.18,higienizado,folhosa,2020-03-24 15:33:46+00,2020-03-24 15:33:46+00,0,3,3359813,3348967
2023,Tomate grape (250g),1,0.25,in_natura,legume,2020-03-24 15:33:46+00,2020-03-24 15:33:46+00,0.5,2,,
2024,Salsinha (250g),1,0.25,in_natura,erva,2020-03-24 15:33:46+00,2020-03-24 15:33:46+00,0,3,1101736,3526022
2025,Cebolinha (250g),1,0.25,in_natura,erva,2020-03-24 15:33:46+00,2020-03-24 15:33:46+00,0,3,1101737,3526016
2026,Gengibre (100g),1,0.1,in_natura,raiz,2020-03-24 15:33:46+00,2020-03-24 15:33:46+00,0.5,1,0,0
2049,Banana Nanica (Tonelada),1,1000,in_natura,fruta,2020-04-03 18:58:10+00,2020-04-03 18:58:10+00,0,3,1673226,0
2050,Batata Doce (Tonelada),1,1000,in_natura,raizes,2020-04-03 18:58:10+00,2020-04-03 18:58:10+00,0,1,1673227,0
2051,Quiabo (500g),1,0.5,in_natura,legumes,2020-04-08 19:11:21+00,2020-04-08 19:11:21+00,0.05,2,1687303,3526103
2052,Vagem (500g),1,0.5,in_natura,legumes,2020-04-08 19:11:21+00,2020-04-08 19:11:21+00,0.05,2,1687305,3526088
2053,Jiló (500 g),1,1,in_natura,legumes,2020-06-18 20:00:40+00,2020-06-18 20:00:48+00,0.05,2,3454701,3526096
2054,Kiwi (500 g),1,1,in_natura,fruta,2020-04-08 19:11:21+00,2020-04-08 19:11:21+00,0.05,3,3454696,3526137
8081,Cogumelo Shimeji Branco (Kg),2,1,in_natura,cogumelos,2020-06-10 19:32:47+00,2020-06-10 19:33:25+00,NULL,3,0,3225057
8082,Cogumelo Shimeji Branco Band (200g),2,0.2,in_natura,cogumelos,2020-06-10 19:32:47+00,2020-06-10 19:33:25+00,NULL,3,3225024,3225059
8083,Cogumelo Shimeji Cinza (200g),2,0.2,in_natura,cogumelos,2020-06-10 19:32:47+00,2020-06-10 19:33:25+00,NULL,3,3225027,3225060
8084,Cogumelo Shimeji Preto (200g),2,0.2,in_natura,cogumelos,2020-06-10 19:32:47+00,2020-06-10 19:33:25+00,NULL,3,3225031,3225062
8085,Cogumelo Shimeji Salmão (200g),2,0.2,in_natura,cogumelos,2020-06-10 19:32:47+00,2020-06-10 19:33:25+00,NULL,3,3225032,3225064
8086,Cogumelo Shitake Fatiado (200g),2,0.2,in_natura,cogumelos,2020-06-10 19:37:06+00,2020-06-10 19:37:05+00,NULL,3,3225034,3225066
8087,Cogumelo Shitake Fatiado (Kg),2,1,in_natura,cogumelos,2020-06-10 19:32:47+00,2020-06-10 19:37:48+00,NULL,3,0,3225069
8088,Cogumelo Shitake Inteiro (200g),2,0.2,in_natura,cogumelos,2020-06-10 19:32:47+00,2020-06-10 19:37:48+00,NULL,3,3225039,3225070
8089,Cogumelo Shitake Inteiro (Kg),2,1,in_natura,cogumelos,2020-06-10 19:32:47+00,2020-06-10 19:37:48+00,NULL,3,0,3225071
8090,Cogumelo Portobello (200g),1,1,in_natura,Cogumelos,2020-06-18 17:00:40+00,2020-06-18 17:00:48+00,0,3,3237488,3237462
8091,Cogumelo Eryngui (200g),1,1,in_natura,Cogumelos,2020-06-18 17:00:40+00,2020-06-18 17:00:48+00,0,3,3237491,3237468
8092,Champignon Fresco (200g),1,1,in_natura,Cogumelos,2020-06-18 17:00:40+00,2020-06-18 17:00:48+00,0,3,3237492,3237474
9001,Pimentão Vermelho (350g),1,0.35,in_natura,Legumes,2020-06-12 12:33:12+00,2020-06-12 12:33:14+00,0.35,2,,
9002,Pimentão Verde (350g),1,0.35,in_natura,Legumes,2020-06-12 12:37:22+00,2020-06-12 12:37:25+00,0.35,2,,
9003,Pimentão Amarelo (350g),1,0.35,in_natura,Legumes,2020-06-12 12:44:00+00,2020-06-12 12:44:34+00,0.35,2,,
9004,Abobrinha Itália Graúda  (500g),1,0.5,in_natura,Legumes,2020-06-12 12:45:31+00,2020-06-12 12:45:33+00,0.03,1,3348781,3526046
9005,Abobrinha Itália Pequena (500g),1,0.5,in_natura,Legumes,2020-06-12 12:46:39+00,2020-06-12 12:46:40+00,0.03,1,3348782,3526049
9006,Limão Siciliano (500g),1,0.5,in_natura,Frutas,2020-06-12 12:47:32+00,2020-06-12 12:47:34+00,0.05,1,3348915,3526129
9007,Maracujá (500g),1,0.5,in_natura,Frutas,2020-06-12 12:48:28+00,2020-06-12 12:48:30+00,0.05,2,3348917,3526140
9008,Cebola Média (500g),1,0.5,in_natura,Raízes,2020-06-12 12:49:21+00,2020-06-12 12:49:22+00,0.05,1,3348905,3525987
9009,Cebola Graúda (500g),1,0.5,in_natura,Raízes,2020-06-12 12:51:32+00,2020-06-12 12:51:34+00,0.05,1,3348906,3525982
9010,Cebola Roxa Média (500g),1,0.5,in_natura,Raízes,2020-06-12 12:52:21+00,2020-06-12 12:52:23+00,0.05,1,3348907,3526747
9011,Batata Bolinha (500g),1,0.5,in_natura,Raízes,2020-06-12 12:53:06+00,2020-06-12 12:53:08+00,0.05,1,3348909,3525964
9012,Batata Lavada (500g),1,0.5,in_natura,Raízes,2020-06-12 12:53:45+00,2020-06-12 12:53:47+00,0.05,1,3348909,3525958
9013,Batata Doce Rosada (500g),1,0.5,in_natura,Raízes,2020-06-12 12:54:20+00,2020-06-12 12:54:22+00,0.05,1,3348910,3525967
9014,Tomate Molho (500g),1,0.5,in_natura,Legumes,2020-06-12 12:54:59+00,2020-06-12 12:55:00+00,0.04,2,3348783,3526108
9015,Tomate Salada Graúdo (500g),1,0.5,in_natura,Legumes,2020-06-12 12:55:39+00,2020-06-12 12:55:40+00,0.05,2,3348784,3526116
9016,Tomate Salada Médio (500g),1,0.5,in_natura,Legumes,2020-06-12 12:56:21+00,2020-06-12 12:56:22+00,0.05,2,3348785,3526105
9017,Cenoura Toco (500g),1,0.5,in_natura,Raízes,2020-06-12 12:57:12+00,2020-06-12 12:57:14+00,0.05,1,0,3525979
9018,Cenoura Graúda (500g),1,0.5,in_natura,Raízes,2020-06-12 12:58:08+00,2020-06-12 12:58:09+00,0.05,1,3348913,3525981
9019,Beterraba (500g),1,0.5,in_natura,Raízes,2020-06-12 12:58:58+00,2020-06-12 12:58:59+00,0.05,1,3348914,3525971
9020,Berinjela (500g),1,0.5,in_natura,Legumes,2020-06-12 12:59:34+00,2020-06-12 12:59:35+00,0.05,2,3348786,3526056
9021,Chuchu (500g),1,0.5,in_natura,Legumes,2020-06-12 13:00:17+00,2020-06-12 13:00:18+00,0.05,1,3348787,3526074
9022,Pepino Japonês (500g),1,0.5,in_natura,Legumes,2020-06-12 13:00:57+00,2020-06-12 13:00:59+00,0.05,2,3348788,3526080
9023,Kiwi (Uni),1,0,in_natura,Frutas,2020-06-12 13:01:51+00,2020-06-12 13:01:53+00,1,3,,
9024,Jiló (100g),1,0.1,in_natura,Legumes,2020-06-12 13:02:32+00,2020-06-12 13:02:34+00,1,2,,
9025,Quiabo (100g),1,0.1,in_natura,Legumes,2020-06-12 13:03:09+00,2020-06-12 13:03:10+00,1,2,,
9026,Inhame (100g),1,0.1,in_natura,Legumes,2020-06-12 13:03:46+00,2020-06-12 13:03:47+00,0.3,1,,
9027,Cebola para Conserva (100g),1,0.1,in_natura,Raízes,2020-06-12 13:04:34+00,2020-06-12 13:04:35+00,0.3,1,,
9028,Pimenta Dedo de Moça (100g),1,0.1,in_natura,Legumes,2020-06-12 13:05:19+00,2020-06-12 13:05:21+00,0.05,2,,
9029,Salsinha (100g),1,0.1,in_natura,Ervas,2020-06-12 13:06:01+00,2020-06-12 13:06:02+00,0,3,,
9030,Cebolinha (100g),1,0.1,in_natura,Ervas,2020-06-12 13:06:35+00,2020-06-12 13:06:36+00,0,3,,
9031,Coentro (100g),1,0.1,in_natura,Ervas,2020-06-12 13:07:06+00,2020-06-12 13:07:08+00,0,3,,
9032,Cenoura ralada (180 g),2,0.18,higienizado,folhosa,2020-06-17 20:30:10+00,2020-06-17 20:30:12+00,0,3,3359820,3359838
9033,Kit yakisoba (310 g),2,0.31,higienizado,folhosa,2020-06-17 20:27:15+00,2020-06-17 20:27:17+00,0,3,3359814,4118469
9034,Cebolinha picada (80 g),2,0.08,higienizado,folhosa,2020-06-17 20:27:55+00,2020-06-17 20:27:56+00,0,3,3359815,3359830
9035,Salsa picada (80 g),2,0.08,higienizado,folhosa,2020-06-17 20:29:30+00,2020-06-17 20:29:31+00,0,3,3359819,4149361
9036,Cenoura ralada (180 g),2,0.18,higienizado,folhosa,2020-06-17 20:30:10+00,2020-06-17 20:30:12+00,0,3,3359820,4118462
9037,Beterraba ralada (180 g),2,0.18,higienizado,folhosa,2020-06-17 20:31:19+00,2020-06-17 20:31:20+00,0,3,3359823,4118458
9038,Pepino Comum (Kg),2,1,in_natura,Legumes,2020-07-17 16:46:47+00,2020-07-17 16:46:48+00,0.05,2,3507540,3507620
9039,Abacaxi seco (100g),2,0.1,in_natura,Frutas Secas e Geleias,2020-07-17 16:48:08+00,2020-07-17 16:48:10+00,0,3,3522793,3523003
9040,Atemoia seca (82g),2,0.82,in_natura,Frutas Secas e Geleias,2020-07-17 16:49:22+00,2020-07-17 16:49:23+00,0,2,3522808,3523005
9041,Caqui seco fatiado (100g),2,0.1,in_natura,Frutas Secas e Geleias,2020-07-17 16:50:33+00,2020-07-17 16:50:35+00,0,3,3522811,3523006
9042,Maçã seca integral em rodela (50g),2,0.05,in_natura,Frutas Secas e Geleias,2020-07-17 16:53:10+00,2020-07-17 16:53:12+00,0,3,3522816,3523008
9043,Maçã seca sem casca (70g),2,0.07,in_natura,Frutas Secas e Geleias,2020-07-17 16:54:21+00,2020-07-17 16:54:23+00,0,3,3522821,3523010
9044,Manga seca (100g),2,0.1,in_natura,Frutas Secas e Geleias,2020-07-17 16:55:37+00,2020-07-17 16:55:38+00,0,3,3522822,3523011
9045,Passas Mistas (150g),2,0.15,in_natura,Frutas Secas e Geleias,2020-07-17 16:56:39+00,2020-07-17 16:56:40+00,0,3,3522826,3523012
9046,Geleia de amora com açúcar cristal (220g),2,0.22,in_natura,Frutas Secas e Geleias,2020-07-17 16:57:27+00,2020-07-17 16:57:28+00,0,2,3522830,3523014
9047,Geleria de laranja champagne com açúcar cristal (220g),2,0.22,in_natura,Frutas Secas e Geleias,2020-07-17 16:58:42+00,2020-07-17 16:58:43+00,0,2,3522833,3523015
9048,Geleia de morango com açúcar cristal (220g),2,0.22,in_natura,Frutas Secas e Geleias,2020-07-17 16:59:34+00,2020-07-17 16:59:35+00,0,2,3522835,3523016
9049,Geleia de amora com açúcar demerara (220g),2,0.22,in_natura,Frutas Secas e Geleias,2020-07-17 17:33:46+00,2020-07-17 17:33:48+00,0,2,3522839,3523017
9050,Geleria de laranja champagne com açúcar demerara (220g),2,0.22,in_natura,Frutas Secas e Geleias,2020-07-17 17:35:30+00,2020-07-17 17:35:32+00,0,2,3522840,3523018
9051,Geleia de morango com açúcar demerara (220g),2,0.22,in_natura,Frutas Secas e Geleias,2020-07-17 17:37:01+00,2020-07-17 17:37:03+00,0,2,3522842,3523019
9052,Alecrim (250g),2,0.25,in_natura,Ervas,2020-07-17 17:37:51+00,2020-07-17 17:37:52+00,0,3,3522614,3522848
9053,Alho com casca (500g),2,0.5,in_natura,Raízes,2020-07-17 17:38:57+00,2020-07-17 17:38:59+00,0.05,2,3522619,3522857
9054,Cebola para conserva (100g),2,0.5,in_natura,Raízes,2020-07-17 17:39:49+00,2020-07-17 17:39:51+00,0.05,2,3522628,3525993
9055,Hortelã (250g),2,0.25,in_natura,Ervas,2020-07-17 17:41:34+00,2020-07-17 17:41:35+00,0,3,3522630,3522852
9056,Inhame (500g),2,0.5,in_natura,Raízes,2020-07-17 17:43:24+00,2020-07-17 17:43:26+00,0.2,1,3522776,3522859
9057,Limão Tahiti (500g),2,0.5,in_natura,Frutas,2020-07-17 17:44:31+00,2020-07-17 17:44:32+00,0.05,1,3522631,3522853
9058,Mandioquinha (500g),2,0.5,in_natura,Raízes,2020-07-17 17:46:02+00,2020-07-17 17:46:04+00,0.05,2,3522784,3522861
9059,Tomate Grape (500g),2,0.5,in_natura,Legumes,2020-07-17 17:48:01+00,2020-07-17 17:48:02+00,0.05,2,3522696,3522855
9060,Uva sem semente roxa (500g),2,0.5,in_natura,frutas,2020-07-21 17:38:45+00,2020-07-21 17:38:50+00,0,3,3540385,3540366
9061,Mexerica Ponkan (500g),2,0.5,in_natura,frutas,2020-07-22 17:40:50+00,2020-07-22 17:40:55+00,0.05,2,3540386,3540374
9062,Tomilho Fresco (150g),2,0.15,in_natura,Erva,2020-07-22 20:13:29+00,2020-07-22 20:13:31+00,0,3,3540851,3540868
9063,Alcachofra Graúda (UN),2,0.2,in_natura,folhosa,2020-09-04 18:11:47+00,2020-09-04 18:11:51+00,NULL,1,3799443,3799414
9064,"Café moído ""O Flautista"" (250g)",2,0.25,in_natura,Café,2020-09-04 18:13:03+00,2020-09-04 18:13:06+00,NULL,3,3799419,3799393
9065,"Café moído ""O Hierofante"" (250g)",2,0.25,in_natura,Café,2020-09-04 18:13:37+00,2020-09-04 18:13:38+00,NULL,3,3799420,3799394
9066,"Café moído ""O Rei Amarelo"" (250g)",2,0.25,in_natura,Café,2020-09-04 18:14:06+00,2020-09-04 18:14:07+00,NULL,3,3799422,3799395
9067,Grãos torrados de café especial (Kg),2,1,in_natura,Café,2020-09-04 18:14:33+00,2020-09-04 18:14:34+00,NULL,3,3799423,3799396
9068,Extrato de Própolis (20g),2,0.2,in_natura,Mercearia,2020-09-10 18:06:21+00,2020-09-10 18:06:23+00,NULL,1,3805505,3805504
9069,Cebola Roxa Graúda (Kg),2,1,in_natura,Raízes,2020-09-04 18:15:08+00,2020-09-04 18:15:09+00,0.05,1,3799425,3799398
9070,Caldo de Cana com Limão Siciliano (500 ml),2,0.5,in_natura,Bebidas,2020-09-04 18:15:49+00,2020-09-04 18:15:50+00,NULL,3,3799427,3799400
9071,Caldo de Cana (500 ml),2,0.5,in_natura,Bebidas,2020-09-04 18:16:27+00,2020-09-04 18:16:28+00,NULL,3,3799428,3799401
9072,Alface Crespa (Uni),2,0.1,in_natura,folhosa,2020-09-04 18:16:57+00,2020-09-04 18:16:59+00,NULL,3,3799429,3799402
9073,Alface Crespa Roxa (Uni),2,0.1,in_natura,folhosa,2020-09-04 18:17:29+00,2020-09-04 18:17:30+00,NULL,3,3799430,3799404
9074,Alface Americana (Uni),2,0.1,in_natura,folhosa,2020-09-04 18:17:56+00,2020-09-04 18:17:57+00,NULL,3,3799431,3799406
9075,Alface lisa  (Uni),2,0.1,in_natura,folhosa,2020-09-04 18:18:30+00,2020-09-04 18:18:31+00,NULL,3,3799432,3799407
9076,Escarola (Uni),2,0.1,in_natura,folhosa,2020-09-04 18:18:55+00,2020-09-04 18:18:56+00,NULL,3,3799434,3799408
9077,Pêssego Nacional (Kg),2,1,in_natura,frutas,2020-09-14 17:38:09+00,2020-09-14 17:38:11+00,0.05,2,3817525,3817524
9078,Maça Fuji (Kg),1,1,in_natura,frutas,2020-09-22 17:05:55+00,2020-09-22 17:05:56+00,0.05,2,3831140,3831143
9079,Banana Nanica Verde (Kg),1,1,in_natura,frutas,2020-09-22 18:57:01+00,2020-09-22 18:57:03+00,0.05,3,3831354,3831350
9080,Sálvia (Maço 100g),1,0.1,in_natura,Erva,2020-09-24 17:16:42+00,2020-09-24 17:16:44+00,NULL,3,3836466,3836467
9081,Tomate Holandês (Kg),1,1,in_natura,legumes,2020-09-24 17:47:25+00,2020-09-24 17:47:26+00,0.05,2,3836566,3836591
9082,Nirá Higienizado Inteiro (180g),1,0.18,Processado,Erva,2020-09-28 18:44:56+00,2020-09-28 18:44:58+00,NULL,3,3845824,3845823
9083,Batata Doce Graúda (Kg),1,1,in_natura,Raízes,2020-09-30 20:02:52+00,2020-09-30 20:02:54+00,0.05,1,3855836,3855947
9084,Uva Verde sem semente (500g),1,0.5,in_natura,frutas,2020-09-30 20:03:43+00,2020-09-30 20:03:44+00,NULL,3,3855839,3856064
9085,Capim Limão (250g),1,0.25,in_natura,Ervas,2020-10-06 19:37:08+00,2020-10-06 19:37:10+00,NULL,3,3873617,3873619
9086,Tomate Verde (Kg),1,1,in_natura,legumes,2020-10-14 16:59:55+00,2020-10-14 16:59:57+00,0.05,2,3902970,3902965
9087,Coco Verde (Uni),1,1.5,in_natura,frutas,2020-10-15 19:36:32+00,2020-10-15 19:36:33+00,NULL,1,3919346,3919294
9088,Ameixa Roxa (Kg),1,1,in_natura,frutas,2020-10-15 19:38:09+00,2020-10-15 19:38:11+00,0.05,3,3919349,3919296
9089,Moranga Baby (Uni),1,0.3,in_natura,legumes,2020-10-26 21:22:08+00,2020-10-26 21:22:09+00,NULL,1,3938655,3938660
9090,Mexerica Morgote (Kg),1,1,in_natura,frutas,2020-11-03 18:46:55+00,2020-11-03 18:46:56+00,0.05,2,3959305,3959300
9091,Ovo de Codorna (30 uni),1,0.1,in_natura,Granjeiro,2020-11-03 18:49:11+00,2020-11-03 18:49:12+00,NULL,3,3959309,3959302
9092,Alface Americana Higienizada (250g),1,0.25,Higienizado,folhosa,2020-11-11 16:16:17+00,2020-11-11 16:16:18+00,NULL,3,3978613,3979414
9093,Alface Crespa Higienizada (250g,1,0.25,Higienizado,folhosa,2020-11-11 17:26:29+00,2020-11-11 17:26:31+00,NULL,3,3978615,3979416
9094,Alface Crespa Roxa Higienizada (250g),1,0.25,Higienizado,folhosa,2020-11-11 17:27:42+00,2020-11-11 17:27:45+00,NULL,3,3978616,3979420
9095,Alface Crespa Roxa Picada (250g),1,0.25,Higienizado,folhosa,2020-11-11 17:28:45+00,2020-11-11 17:28:47+00,NULL,3,3978618,3979421
9096,Alface Crespa Picada (250g),1,0.25,Higienizado,folhosa,2020-11-11 17:29:27+00,2020-11-11 17:29:29+00,NULL,3,3978619,3979424
9097,Alface Americana Picada (250g),1,0.25,Higienizado,folhosa,2020-11-11 17:30:18+00,2020-11-11 17:30:19+00,NULL,3,3978620,3979425
9098,Alface Lisa Higienizada (250g),1,0.25,Higienizado,folhosa,2020-11-11 17:31:10+00,2020-11-11 17:31:12+00,NULL,3,3978621,3979426
9099,Escarola Higienizada (250g),1,0.25,Higienizado,folhosa,2020-11-11 17:32:04+00,2020-11-11 17:32:06+00,NULL,3,3978622,3979427
9100,Alface Romana Higienizada (250g),1,0.25,Higienizado,folhosa,2020-11-11 17:32:47+00,2020-11-11 17:32:48+00,NULL,3,3978623,3979428
9101,Espinafre Higienizada (250g),1,0.25,Higienizado,folhosa,2020-11-11 17:33:25+00,2020-11-11 17:33:26+00,NULL,3,3978624,3979431
9102,Agrião Higienizado (250g),1,0.25,Higienizado,folhosa,2020-11-11 17:34:05+00,2020-11-11 17:34:07+00,NULL,3,3978625,3979432
9103,Rúcula Higienizada (250g),1,0.25,Higienizado,folhosa,2020-11-11 17:34:44+00,2020-11-11 17:34:45+00,NULL,3,3978627,3979434
9104,Salada Mix (250g),1,0.25,Higienizado,folhosa,2020-11-11 17:35:26+00,2020-11-11 17:35:27+00,NULL,3,3978628,3979435
9105,Salada Verde (250g),1,0.25,Higienizado,folhosa,2020-11-11 17:36:06+00,2020-11-11 17:36:07+00,NULL,3,3978629,3979437
9106,Salada Primavera (250g),1,0.25,Higienizado,folhosa,2020-11-11 17:36:45+00,2020-11-11 17:36:46+00,NULL,3,3978630,4118476
9107,Alface romana picada (250),1,0.25,Higienizado,folhosa,2020-11-11 17:37:27+00,2020-11-11 17:37:29+00,NULL,3,3978631,3979440
9108,Salada ralada higienizada,1,0.25,Higienizado,folhosa,2020-11-11 17:38:10+00,2020-11-11 17:38:11+00,NULL,2,3978632,3979441
9109,Salada ralada higienizada,1,0.25,Higienizado,folhosa,2020-11-11 17:38:10+00,2020-11-11 17:38:11+00,NULL,3,3978632,3979441
9110,Lichia (500g),1,0.5,in_natura,Frutas,2020-11-18 20:55:19+00,2020-11-18 20:55:21+00,NULL,2,4138703,4138707
9111,Manga Palmer Verde (Uni),2,0.5,in_natura,Frutas,2020-12-07 17:11:47+00,2020-12-07 17:11:49+00,NULL,2,4275967,4275972
9112,Manga Tommy Verde (Uni),2,0.5,in_natura,frutas,2020-12-07 17:13:29+00,2020-12-07 17:13:31+00,NULL,2,4275968,4275973
9113,Tomate Molho - Italiano (Kg),1,1,in_natura,legumes,2020-12-08 18:53:54+00,2020-12-08 18:53:55+00,0.03,2,4280888,4280927
9114,Salsa crespa 150g,1,0.15,in_natura,Erva,2021-01-11 19:52:37+00,2021-01-11 19:52:39+00,NULL,3,5809221,5809220
9115,Pimenta Cambuci (250g),1,0.25,in_natura,legumes,2021-01-18 00:27:51+00,2021-01-18 00:27:52+00,0.01,2,5836889,5836891
9116,Alface romana (Uni),1,0.05,in_natura,folhosa,2021-01-29 17:17:28+00,2021-01-29 17:17:30+00,NULL,3,5984350,5984347
9117,Salada Primavera (80g),1,0.8,Higienizado,folhosa,2021-02-05 18:21:47+00,2021-02-05 18:21:48+00,NULL,1,6029822,6029830
9118,Batata Marquise (Kg),1,1,in_natura,Raízes,2021-02-18 20:48:33+00,2021-02-18 20:48:34+00,0.05,1,6183051,6183048
9119,Mel Silvestre (Bisnaga 500g),2,0.5,in_natura,Mercearia,2021-02-23 21:48:31+00,2021-02-23 21:48:32+00,NULL,2,6193141,6193136
9120,Azeite de Oliva Extra Virgem Borges,1,0.5,in_natura,Mercearia,2021-02-28 21:06:44+00,2021-02-28 21:06:46+00,NULL,3,6311855,0
9121,Creme de Leite Lider,1,1.03,in_natura,Mercearia,2021-02-28 21:09:04+00,2021-02-28 21:09:05+00,NULL,3,6311858,0
9122,Leite Coco Adelcoco Vidro,1,0.5,in_natura,Mercearia,2021-02-28 21:09:54+00,2021-02-28 21:09:56+00,NULL,3,6311859,0
9123,Palmito de Palmeira Real Picado Mega Sabor,1,1.8,in_natura,Mercearia,2021-02-28 21:10:48+00,2021-02-28 21:10:50+00,NULL,3,6311860,0
9124,Cogumelo Campo Belo Inteiro,1,2,in_natura,Mercearia,2021-02-28 21:11:33+00,2021-02-28 21:11:34+00,NULL,3,6311862,0
9125,Leite Condensado Italac,1,0.395,in_natura,Mercearia,2021-02-28 21:12:09+00,2021-02-28 21:12:11+00,NULL,3,6311863,0
9126,Azeitona Verde Fatiada La Violetera  Balde,1,1.8,in_natura,Mercearia,2021-02-28 21:12:45+00,2021-02-28 21:12:47+00,NULL,3,6311865,0
9127,Molho Shoyu Mitsuwa Wilson Galão,1,3.1,in_natura,Mercearia,2021-02-28 21:13:22+00,2021-02-28 21:13:23+00,NULL,3,6311868,0
9128,Maionese Hellmanns Saco,1,2.8,in_natura,Mercearia,2021-02-28 21:13:54+00,2021-02-28 21:13:55+00,NULL,3,6311869,0
9129,Extrato Tomate Quero Sache,1,1.02,in_natura,Mercearia,2021-02-28 21:14:25+00,2021-02-28 21:14:26+00,NULL,3,6311871,0
9130,Tomate Elefante Lata,1,0.408,in_natura,Mercearia,2021-03-02 12:56:07+00,2021-03-02 12:56:08+00,NULL,3,6562450,0
9131,Leite Condensado Piracanjuba Bag,1,5,in_natura,Mercearia,2021-03-02 12:56:49+00,2021-03-02 12:56:51+00,NULL,3,06562465,0
9132,Catchup Heinz Frasco,1,0.397,in_natura,Mercearia,2021-03-02 12:57:23+00,2021-03-02 12:57:24+00,NULL,3,6562472,0
9133,Milho Verde Quero Litro,1,2,in_natura,Mercearia,2021-03-02 12:57:53+00,2021-03-02 12:57:54+00,NULL,3,6562481,0
9134,Mostarda Heinz Frasco,1,0.255,in_natura,Mercearia,2021-03-02 12:58:26+00,2021-03-02 12:58:28+00,NULL,3,6562482,0
9135,Oleo Misto Quinta do Viseu,1,5.01,in_natura,Mercearia,2021-03-02 12:59:07+00,2021-03-02 12:59:09+00,NULL,3,6562483,0
9136,Creme de Cebola Qualimax,1,1.01,in_natura,Mercearia,2021-03-02 12:59:32+00,2021-03-02 12:59:34+00,NULL,3,6562485,0
9137,Gelatina Qualimax Cereja,1,1,in_natura,Mercearia,2021-03-02 13:00:10+00,2021-03-02 13:00:12+00,NULL,3,6562486,0
9138,Queijo Ralado Vigor,1,1,in_natura,Mercearia,2021-03-02 13:00:45+00,2021-03-02 13:00:47+00,NULL,3,6562488,0
9139,Pure de Batata Knorr,1,1.01,in_natura,Mercearia,2021-03-02 13:02:08+00,2021-03-02 13:02:09+00,NULL,3,6562489,0
9140,Ovos Brancos Grandes (60 ovos),1,1,in_natura,legumes,2021-03-08 17:32:10+00,2021-03-08 17:32:11+00,NULL,3,6430983,0
9141,Abóbora Paulista (Uni),1,2,in_natura,legumes,2021-03-08 17:41:00+00,2021-03-08 17:40:16+00,NULL,1,6430987,0
9142,Tomate coquetel (500g),1,0.5,in_natura,legumes,2021-03-10 13:46:51+00,2021-03-10 13:46:52+00,NULL,1,6439440,0
9143,Café Artesanal Montanhas Mineiras Grãos (500g),1,0.5,in_natura,Mercearia,2021-03-15 18:27:44+00,2021-03-15 18:27:45+00,0,3,6480701,0
9144,Café Artesanal Montanhas Mineiras Moído (500g),1,0.5,in_natura,Mercearia,2021-03-15 18:28:31+00,2021-03-15 18:28:32+00,0,3,6480705,0
9145,Café Artesanal Montanhas Mineiras Moído (250g),1,0.25,in_natura,Mercearia,2021-03-15 18:29:20+00,2021-03-15 18:29:21+00,0,3,6480706,0
9146,Café Artesanal Montanhas Mineiras Grãos (250g),1,0.25,in_natura,Mercearia,2021-03-15 18:30:21+00,2021-03-15 18:30:23+00,0,3,0,6480810
9147,Coco seco (Uni),1,0.25,in_natura,Frutas,2021-03-15 18:32:04+00,2021-03-15 18:32:05+00,0,3,6480815,0
9148,Banana maçã (Kg),1,0.1,in_natura,frutas,2021-03-22 18:21:14+00,2021-03-22 18:21:17+00,0.05,2,6641848,0
9149,Azeite Extra Virgem O-Live,1,5,in_natura,Mercearia,2021-03-29 18:16:05+00,2021-03-29 18:16:07+00,NULL,3,6748549,0
9150,Mostarda D'Ajuda,1,3.2,in_natura,Mercearia,2021-03-29 18:16:42+00,2021-03-29 18:16:44+00,NULL,3,6748557,0
9151,Katchup D'Ajuda 3500g,1,0.35,in_natura,Mercearia,2021-03-29 18:17:30+00,2021-03-29 18:17:31+00,NULL,3,06748562,0
9152,Palmito de Palmeira Real Mega Sabor Rodela Vidro,1,1.8,in_natura,Mercearia,2021-03-29 18:18:05+00,2021-03-29 18:18:06+00,NULL,3,6748565,0
9153,"Azeite O Live e Virgem VD 0,2% (500ml)",1,0.5,in_natura,Mercearia,2021-03-31 12:52:13+00,2021-03-31 12:52:14+00,NULL,3,6749598,0
30333,Alface americana,1,1,in_natura,folhosa,2020-06-18 17:00:40+00,2020-06-18 17:00:48+00,1,3,,
30334,Couve,1,1,in_natura,folhosa,2020-06-18 17:00:40+00,2020-06-18 17:00:48+00,1,3,,
30335,Rucula,1,1,in_natura,folhosa,2020-06-18 17:00:40+00,2020-06-18 17:00:48+00,1,3,,
30336,Coentro,1,1,in_natura,folhosa,2020-06-18 17:00:40+00,2020-06-18 17:00:48+00,1,3,,
30337,Agrião,1,1,in_natura,folhosa,2020-06-18 17:00:40+00,2020-06-18 17:00:48+00,1,3,,
30342,Ovo (Bdj - 30 ovos),1,1,in_natura,Granjeiro,2020-06-18 17:00:40+00,2020-06-18 17:00:48+00,0,3,0,0
